query_id,site_id,subject_id,visit_id,form_id,record_num,item_oid,check_id,severity,protocol_ref,query_text,issued_date,status,closed_date,days_to_close,age_days,age_band
Q00001,SITE-102,SITE-102-024,WK12,,,,EC-VISIT-01,warning,Section 6.1 Schedule of assessments,"The Week 12 visit was performed on 2026-01-22, which is 5 day(s) outside the protocol window of +/-5 days around study day 84. Please confirm the visit date and complete a protocol deviation form.",2026-05-03,open,,,88,60+ days
Q00002,SITE-102,SITE-102-026,WK4,,,,EC-VISIT-01,warning,Section 6.1 Schedule of assessments,"The Week 4 visit was performed on 2025-11-24, which is 5 day(s) outside the protocol window of +/-3 days around study day 28. Please confirm the visit date and complete a protocol deviation form.",2026-07-10,open,,,20,15-30 days
Q00003,SITE-102,SITE-102-055,WK12,,,,EC-VISIT-01,warning,Section 6.1 Schedule of assessments,"The Week 12 visit was performed on 2026-05-06, which is 9 day(s) outside the protocol window of +/-5 days around study day 84. Please confirm the visit date and complete a protocol deviation form.",2026-06-10,open,,,50,31-60 days
Q00004,SITE-102,SITE-102-064,SCR,,,,EC-VISIT-01,warning,Section 6.1 Schedule of assessments,"The Screening visit was performed on 2025-10-04, which is 9 day(s) outside the protocol window of +/-7 days around study day -14. Please confirm the visit date and complete a protocol deviation form.",2026-07-24,open,,,6,0-7 days
Q00005,SITE-104,SITE-104-020,WK12,,,,EC-VISIT-01,warning,Section 6.1 Schedule of assessments,"The Week 12 visit was performed on 2026-01-21, which is 8 day(s) outside the protocol window of +/-5 days around study day 84. Please confirm the visit date and complete a protocol deviation form.",2026-07-28,open,,,2,0-7 days
Q00006,SITE-104,SITE-104-035,EOS,,,,EC-VISIT-01,warning,Section 6.1 Schedule of assessments,"The End of study visit was performed on 2026-03-19, which is 2 day(s) outside the protocol window of +/-7 days around study day 168. Please confirm the visit date and complete a protocol deviation form.",2026-06-22,closed,2026-06-29,7,,
Q00007,SITE-104,SITE-104-035,WK4,,,,EC-VISIT-01,warning,Section 6.1 Schedule of assessments,"The Week 4 visit was performed on 2025-10-26, which is 2 day(s) outside the protocol window of +/-3 days around study day 28. Please confirm the visit date and complete a protocol deviation form.",2026-07-07,closed,2026-07-10,3,,
Q00008,SITE-104,SITE-104-110,SCR,,,,EC-VISIT-01,warning,Section 6.1 Schedule of assessments,"The Screening visit was performed on 2025-10-21, which is 3 day(s) outside the protocol window of +/-7 days around study day -14. Please confirm the visit date and complete a protocol deviation form.",2026-06-12,closed,2026-06-21,9,,
Q00009,SITE-105,SITE-105-001,WK12,VS,1,WEIGHT,EC-REQ,query,Section 8.1 Data collection,"Weight is required but was not entered. Please complete this field, or confirm the assessment was not performed and provide the reason.",2026-07-13,closed,2026-07-27,14,,
Q00010,SITE-101,SITE-101-012,WK12,VS,1,WEIGHT,EC-REQ,query,Section 8.1 Data collection,"Weight is required but was not entered. Please complete this field, or confirm the assessment was not performed and provide the reason.",2026-06-16,closed,2026-06-21,5,,
Q00011,SITE-101,SITE-101-012,WK12,AE,2,AEENDAT,EC-AE-06,warning,Section 9.2 Adverse event reporting,The outcome is recorded as recovered/resolved but the event end date is blank. Please enter the date the event resolved.,2026-07-26,open,,,4,0-7 days
Q00012,SITE-101,SITE-101-018,BASE,AE,1,AEENDAT,EC-AE-06,warning,Section 9.2 Adverse event reporting,The outcome is recorded as recovered/resolved but the event end date is blank. Please enter the date the event resolved.,2026-04-05,closed,2026-04-14,9,,
Q00013,SITE-104,SITE-104-019,WK4,AE,1,AESTDAT,EC-AE-04,query,Section 9.1 Definition of an adverse event,"The adverse event start date (2025-11-24) is before the date of informed consent (2025-12-21). Please confirm the event start date, or confirm the event should be recorded as medical history instead.",2026-07-18,closed,2026-07-24,6,,
Q00014,SITE-105,SITE-105-022,SCR,VS,1,SYSBP,EC-VS-03,query,Section 8.3 Vital signs consistency,"Systolic BP (83 mmHg) is not greater than diastolic BP (134 mmHg). Please verify against source; if the values were transposed, please correct both.",2026-05-16,closed,2026-06-02,17,,
Q00015,SITE-102,SITE-102-024,WK12,AE,1,AEACN,EC-AE-05,query,Section 9.4 Serious adverse events,"This adverse event is recorded as serious, but no action taken with study drug has been entered. Please complete the action taken field.",2026-07-24,open,,,6,0-7 days
Q00016,SITE-102,SITE-102-027,WK12,DS,1,DSTERM,EC-DS-01,query,Section 7.4 Subject withdrawal,"The subject is recorded as not having completed the study, but no reason for discontinuation was entered. Please provide the primary reason.",2026-04-05,open,,,116,60+ days
Q00017,SITE-105,SITE-105-031,WK4,VS,1,WEIGHT,EC-REQ,query,Section 8.1 Data collection,"Weight is required but was not entered. Please complete this field, or confirm the assessment was not performed and provide the reason.",2026-06-29,open,,,31,31-60 days
Q00018,SITE-104,SITE-104-032,BASE,AE,1,AEENDAT,EC-AE-06,warning,Section 9.2 Adverse event reporting,The outcome is recorded as recovered/resolved but the event end date is blank. Please enter the date the event resolved.,2026-06-11,closed,2026-06-17,6,,
Q00019,SITE-104,SITE-104-032,WK12,AE,1,AEENDAT,EC-AE-06,warning,Section 9.2 Adverse event reporting,The outcome is recorded as recovered/resolved but the event end date is blank. Please enter the date the event resolved.,2026-07-21,closed,2026-07-22,1,,
Q00020,SITE-104,SITE-104-035,WK4,AE,1,AEENDAT,EC-AE-01,query,Section 9.2 Adverse event reporting,The adverse event end date (2025-10-23) is before the start date (2025-10-26). Please verify both dates against source and correct.,2026-04-30,closed,2026-05-09,9,,
Q00021,SITE-104,SITE-104-035,WK12,AE,1,AEENDAT,EC-AE-01,query,Section 9.2 Adverse event reporting,The adverse event end date (2025-11-27) is before the start date (2025-11-30). Please verify both dates against source and correct.,2026-06-17,closed,2026-06-21,4,,
Q00022,SITE-105,SITE-105-036,BASE,AE,3,AEACN,EC-AE-05,query,Section 9.4 Serious adverse events,"This adverse event is recorded as serious, but no action taken with study drug has been entered. Please complete the action taken field.",2026-07-20,open,,,10,8-14 days
Q00023,SITE-105,SITE-105-036,EOS,AE,2,AESTDAT,EC-AE-04,query,Section 9.1 Definition of an adverse event,"The adverse event start date (2025-12-08) is before the date of informed consent (2025-12-20). Please confirm the event start date, or confirm the event should be recorded as medical history instead.",2026-04-01,closed,2026-05-13,42,,
Q00024,SITE-104,SITE-104-045,BASE,AE,2,AESTDAT,EC-AE-04,query,Section 9.1 Definition of an adverse event,"The adverse event start date (2025-10-22) is before the date of informed consent (2025-11-13). Please confirm the event start date, or confirm the event should be recorded as medical history instead.",2026-05-18,closed,2026-05-24,6,,
Q00025,SITE-104,SITE-104-047,WK4,VS,1,SYSBP,EC-VS-03,query,Section 8.3 Vital signs consistency,"Systolic BP (68 mmHg) is not greater than diastolic BP (131 mmHg). Please verify against source; if the values were transposed, please correct both.",2026-06-17,closed,2026-06-23,6,,
Q00026,SITE-104,SITE-104-047,EOS,AE,2,AEENDAT,EC-AE-06,warning,Section 9.2 Adverse event reporting,The outcome is recorded as recovered/resolved but the event end date is blank. Please enter the date the event resolved.,2026-04-01,closed,2026-04-07,6,,
Q00027,SITE-101,SITE-101-053,WK12,DS,1,DSTERM,EC-DS-01,query,Section 7.4 Subject withdrawal,"The subject is recorded as not having completed the study, but no reason for discontinuation was entered. Please provide the primary reason.",2026-06-14,closed,2026-06-21,7,,
Q00028,SITE-102,SITE-102-061,WK12,VS,1,SYSBP,EC-VS-03,query,Section 8.3 Vital signs consistency,"Systolic BP (68 mmHg) is not greater than diastolic BP (115 mmHg). Please verify against source; if the values were transposed, please correct both.",2026-07-09,closed,2026-07-14,5,,
Q00029,SITE-103,SITE-103-067,WK4,AE,1,AEENDAT,EC-AE-06,warning,Section 9.2 Adverse event reporting,The outcome is recorded as recovered/resolved but the event end date is blank. Please enter the date the event resolved.,2026-05-20,closed,2026-05-21,1,,
Q00030,SITE-102,SITE-102-070,WK12,AE,1,AEENDAT,EC-AE-06,warning,Section 9.2 Adverse event reporting,The outcome is recorded as recovered/resolved but the event end date is blank. Please enter the date the event resolved.,2026-05-09,closed,2026-05-26,17,,
Q00031,SITE-104,SITE-104-074,WK4,AE,1,AEENDAT,EC-AE-01,query,Section 9.2 Adverse event reporting,The adverse event end date (2025-10-21) is before the start date (2025-10-26). Please verify both dates against source and correct.,2026-05-02,open,,,89,60+ days
Q00032,SITE-104,SITE-104-074,WK4,AE,2,AEENDAT,EC-AE-06,warning,Section 9.2 Adverse event reporting,The outcome is recorded as recovered/resolved but the event end date is blank. Please enter the date the event resolved.,2026-07-14,closed,2026-07-18,4,,
Q00033,SITE-104,SITE-104-076,BASE,DS,1,DSTERM,EC-DS-01,query,Section 7.4 Subject withdrawal,"The subject is recorded as not having completed the study, but no reason for discontinuation was entered. Please provide the primary reason.",2026-05-22,open,,,69,60+ days
Q00034,SITE-105,SITE-105-081,WK4,AE,1,AEENDAT,EC-AE-06,warning,Section 9.2 Adverse event reporting,The outcome is recorded as recovered/resolved but the event end date is blank. Please enter the date the event resolved.,2026-05-02,closed,2026-05-15,13,,
Q00035,SITE-103,SITE-103-084,BASE,AE,1,AESTDAT,EC-AE-04,query,Section 9.1 Definition of an adverse event,"The adverse event start date (2025-11-26) is before the date of informed consent (2025-12-21). Please confirm the event start date, or confirm the event should be recorded as medical history instead.",2026-05-16,closed,2026-05-24,8,,
Q00036,SITE-103,SITE-103-085,WK4,AE,2,AEACN,EC-AE-05,query,Section 9.4 Serious adverse events,"This adverse event is recorded as serious, but no action taken with study drug has been entered. Please complete the action taken field.",2026-06-14,closed,2026-06-25,11,,
Q00037,SITE-103,SITE-103-085,WK12,AE,1,AEENDAT,EC-AE-06,warning,Section 9.2 Adverse event reporting,The outcome is recorded as recovered/resolved but the event end date is blank. Please enter the date the event resolved.,2026-04-21,closed,2026-04-26,5,,
Q00038,SITE-105,SITE-105-089,BASE,AE,1,AEENDAT,EC-AE-06,warning,Section 9.2 Adverse event reporting,The outcome is recorded as recovered/resolved but the event end date is blank. Please enter the date the event resolved.,2026-05-14,closed,2026-06-13,30,,
Q00039,SITE-105,SITE-105-089,EOS,VS,1,WEIGHT,EC-REQ,query,Section 8.1 Data collection,"Weight is required but was not entered. Please complete this field, or confirm the assessment was not performed and provide the reason.",2026-07-24,open,,,6,0-7 days
Q00040,SITE-104,SITE-104-091,BASE,AE,1,AESTDAT,EC-AE-04,query,Section 9.1 Definition of an adverse event,"The adverse event start date (2025-10-27) is before the date of informed consent (2025-11-16). Please confirm the event start date, or confirm the event should be recorded as medical history instead.",2026-06-26,closed,2026-06-30,4,,
Q00041,SITE-104,SITE-104-091,WK4,AE,1,AEENDAT,EC-AE-06,warning,Section 9.2 Adverse event reporting,The outcome is recorded as recovered/resolved but the event end date is blank. Please enter the date the event resolved.,2026-06-06,closed,2026-06-11,5,,
Q00042,SITE-101,SITE-101-095,WK4,AE,1,AESTDAT,EC-AE-04,query,Section 9.1 Definition of an adverse event,"The adverse event start date (2026-01-07) is before the date of informed consent (2026-01-25). Please confirm the event start date, or confirm the event should be recorded as medical history instead.",2026-04-06,closed,2026-04-12,6,,
Q00043,SITE-102,SITE-102-096,BASE,VS,1,WEIGHT,EC-REQ,query,Section 8.1 Data collection,"Weight is required but was not entered. Please complete this field, or confirm the assessment was not performed and provide the reason.",2026-04-17,closed,2026-04-25,8,,
Q00044,SITE-105,SITE-105-098,WK12,VS,1,SYSBP,EC-RANGE,query,Section 8.3 Range checks,"Systolic BP was recorded as 310 mmHg, which is outside the expected range of 60 to 250 mmHg. Please verify against source and correct, or confirm the value is accurate.",2026-05-15,closed,2026-05-30,15,,
Q00045,SITE-102,SITE-102-104,WK4,VS,1,SYSBP,EC-RANGE,query,Section 8.3 Range checks,"Systolic BP was recorded as 310 mmHg, which is outside the expected range of 60 to 250 mmHg. Please verify against source and correct, or confirm the value is accurate.",2026-05-21,closed,2026-05-26,5,,
Q00046,SITE-105,SITE-105-109,BASE,AE,3,AESTDAT,EC-AE-04,query,Section 9.1 Definition of an adverse event,"The adverse event start date (2026-02-11) is before the date of informed consent (2026-02-15). Please confirm the event start date, or confirm the event should be recorded as medical history instead.",2026-05-15,open,,,76,60+ days
Q00047,SITE-105,SITE-105-109,WK4,AE,1,AEENDAT,EC-AE-06,warning,Section 9.2 Adverse event reporting,The outcome is recorded as recovered/resolved but the event end date is blank. Please enter the date the event resolved.,2026-06-25,open,,,35,31-60 days
Q00048,SITE-105,SITE-105-109,WK12,DS,1,DSTERM,EC-DS-01,query,Section 7.4 Subject withdrawal,"The subject is recorded as not having completed the study, but no reason for discontinuation was entered. Please provide the primary reason.",2026-06-11,open,,,49,31-60 days
Q00049,SITE-103,SITE-103-120,EOS,AE,1,AEENDAT,EC-AE-01,query,Section 9.2 Adverse event reporting,The adverse event end date (2026-06-05) is before the start date (2026-06-09). Please verify both dates against source and correct.,2026-05-01,closed,2026-05-08,7,,
