subject_id,visit_id,form_id,record_num,item_oid,defect_class,expected_check
SITE-105-001,WK12,VS,1,WEIGHT,missing_required,EC-REQ
SITE-101-012,WK12,VS,1,WEIGHT,missing_required,EC-REQ
SITE-101-012,WK12,AE,2,AEENDAT,recovered_no_end_date,EC-AE-06
SITE-101-018,BASE,AE,1,AEENDAT,recovered_no_end_date,EC-AE-06
SITE-104-019,WK4,AE,1,AESTDAT,ae_before_consent,EC-AE-04
SITE-104-020,WK12,,,,visit_out_of_window,EC-VISIT-01
SITE-105-022,SCR,VS,1,SYSBP,sbp_not_above_dbp,EC-VS-03
SITE-102-024,WK12,,,,visit_out_of_window,EC-VISIT-01
SITE-102-024,WK12,AE,1,AEACN,serious_ae_no_action,EC-AE-05
SITE-102-026,WK4,,,,visit_out_of_window,EC-VISIT-01
SITE-102-027,WK12,DS,1,DSTERM,discont_no_reason,EC-DS-01
SITE-105-031,WK4,VS,1,WEIGHT,missing_required,EC-REQ
SITE-104-032,BASE,AE,1,AEENDAT,recovered_no_end_date,EC-AE-06
SITE-104-032,WK12,AE,1,AEENDAT,recovered_no_end_date,EC-AE-06
SITE-104-035,WK4,,,,visit_out_of_window,EC-VISIT-01
SITE-104-035,WK4,AE,1,AEENDAT,end_before_start,EC-AE-01
SITE-104-035,WK12,AE,1,AEENDAT,end_before_start,EC-AE-01
SITE-104-035,EOS,,,,visit_out_of_window,EC-VISIT-01
SITE-105-036,BASE,AE,3,AEACN,serious_ae_no_action,EC-AE-05
SITE-105-036,EOS,AE,2,AESTDAT,ae_before_consent,EC-AE-04
SITE-104-045,BASE,AE,2,AESTDAT,ae_before_consent,EC-AE-04
SITE-104-047,WK4,VS,1,SYSBP,sbp_not_above_dbp,EC-VS-03
SITE-104-047,EOS,AE,2,AEENDAT,recovered_no_end_date,EC-AE-06
SITE-101-053,WK12,DS,1,DSTERM,discont_no_reason,EC-DS-01
SITE-102-055,WK12,,,,visit_out_of_window,EC-VISIT-01
SITE-102-061,WK12,VS,1,SYSBP,sbp_not_above_dbp,EC-VS-03
SITE-102-064,SCR,,,,visit_out_of_window,EC-VISIT-01
SITE-103-067,WK4,AE,1,AEENDAT,recovered_no_end_date,EC-AE-06
SITE-102-070,WK12,AE,1,AEENDAT,recovered_no_end_date,EC-AE-06
SITE-104-074,WK4,AE,1,AEENDAT,end_before_start,EC-AE-01
SITE-104-074,WK4,AE,2,AEENDAT,recovered_no_end_date,EC-AE-06
SITE-104-076,BASE,DS,1,DSTERM,discont_no_reason,EC-DS-01
SITE-105-081,WK4,AE,1,AEENDAT,recovered_no_end_date,EC-AE-06
SITE-103-084,BASE,AE,1,AESTDAT,ae_before_consent,EC-AE-04
SITE-103-085,WK4,AE,2,AEACN,serious_ae_no_action,EC-AE-05
SITE-103-085,WK12,AE,1,AEENDAT,recovered_no_end_date,EC-AE-06
SITE-105-089,BASE,AE,1,AEENDAT,recovered_no_end_date,EC-AE-06
SITE-105-089,EOS,VS,1,WEIGHT,missing_required,EC-REQ
SITE-104-091,BASE,AE,1,AESTDAT,ae_before_consent,EC-AE-04
SITE-104-091,WK4,AE,1,AEENDAT,recovered_no_end_date,EC-AE-06
SITE-101-095,WK4,AE,1,AESTDAT,ae_before_consent,EC-AE-04
SITE-102-096,BASE,VS,1,WEIGHT,missing_required,EC-REQ
SITE-105-098,WK12,VS,1,SYSBP,out_of_range,EC-RANGE
SITE-102-104,WK4,VS,1,SYSBP,out_of_range,EC-RANGE
SITE-105-109,BASE,AE,3,AESTDAT,ae_before_consent,EC-AE-04
SITE-105-109,WK4,AE,1,AEENDAT,recovered_no_end_date,EC-AE-06
SITE-105-109,WK12,DS,1,DSTERM,discont_no_reason,EC-DS-01
SITE-104-110,SCR,,,,visit_out_of_window,EC-VISIT-01
SITE-103-120,EOS,AE,1,AEENDAT,end_before_start,EC-AE-01
