subject_id,site_id,consent_date,arm,baseline_date,completed
SITE-105-001,SITE-105,2026-03-22,B,2026-04-08,1
SITE-103-002,SITE-103,2026-01-19,B,2026-02-02,1
SITE-102-003,SITE-102,2025-09-13,A,2025-09-23,0
SITE-105-004,SITE-105,2026-03-06,B,2026-03-16,1
SITE-103-005,SITE-103,2026-03-02,B,2026-03-19,0
SITE-103-006,SITE-103,2026-02-07,B,2026-02-18,1
SITE-104-007,SITE-104,2025-11-26,A,2025-12-06,0
SITE-104-008,SITE-104,2026-03-09,A,2026-03-19,1
SITE-103-009,SITE-103,2025-09-22,A,2025-10-10,1
SITE-102-010,SITE-102,2025-10-26,A,2025-11-11,0
SITE-105-011,SITE-105,2026-03-18,A,2026-04-05,1
SITE-101-012,SITE-101,2025-12-20,B,2026-01-04,1
SITE-104-013,SITE-104,2026-03-12,B,2026-03-26,1
SITE-101-014,SITE-101,2025-10-16,B,2025-10-26,1
SITE-104-015,SITE-104,2025-09-10,A,2025-09-21,1
SITE-104-016,SITE-104,2026-03-15,B,2026-03-27,1
SITE-105-017,SITE-105,2026-03-12,A,2026-03-24,1
SITE-101-018,SITE-101,2026-01-17,A,2026-02-02,1
SITE-104-019,SITE-104,2025-12-21,A,2026-01-05,1
SITE-104-020,SITE-104,2025-10-03,B,2025-10-17,1
SITE-103-021,SITE-103,2025-11-22,A,2025-12-08,0
SITE-105-022,SITE-105,2025-11-06,A,2025-11-20,0
SITE-102-023,SITE-102,2026-02-18,A,2026-03-01,1
SITE-102-024,SITE-102,2025-10-06,B,2025-10-21,1
SITE-102-025,SITE-102,2025-11-13,A,2025-12-01,1
SITE-102-026,SITE-102,2025-10-03,A,2025-10-20,1
SITE-102-027,SITE-102,2025-11-09,B,2025-11-23,0
SITE-102-028,SITE-102,2026-02-27,B,2026-03-11,1
SITE-104-029,SITE-104,2026-03-19,A,2026-04-03,1
SITE-105-030,SITE-105,2026-03-21,A,2026-04-02,1
SITE-105-031,SITE-105,2026-02-25,B,2026-03-13,1
SITE-104-032,SITE-104,2026-01-03,B,2026-01-20,1
SITE-102-033,SITE-102,2026-01-02,A,2026-01-17,1
SITE-105-034,SITE-105,2025-12-26,B,2026-01-07,1
SITE-104-035,SITE-104,2025-09-07,B,2025-09-24,1
SITE-105-036,SITE-105,2025-12-20,A,2026-01-01,1
SITE-105-037,SITE-105,2026-03-13,B,2026-03-30,1
SITE-104-038,SITE-104,2026-02-03,B,2026-02-21,1
SITE-104-039,SITE-104,2025-09-09,B,2025-09-22,1
SITE-103-040,SITE-103,2025-09-21,A,2025-10-02,0
SITE-105-041,SITE-105,2025-11-24,B,2025-12-05,1
SITE-105-042,SITE-105,2025-10-01,B,2025-10-19,1
SITE-103-043,SITE-103,2025-09-19,A,2025-10-06,1
SITE-105-044,SITE-105,2026-02-25,A,2026-03-09,1
SITE-104-045,SITE-104,2025-11-13,A,2025-11-24,1
SITE-102-046,SITE-102,2025-12-11,A,2025-12-23,1
SITE-104-047,SITE-104,2025-10-13,B,2025-10-28,1
SITE-105-048,SITE-105,2026-01-30,A,2026-02-11,0
SITE-105-049,SITE-105,2025-09-03,B,2025-09-13,1
SITE-105-050,SITE-105,2025-12-31,A,2026-01-11,0
SITE-104-051,SITE-104,2025-12-12,A,2025-12-25,1
SITE-104-052,SITE-104,2026-03-30,B,2026-04-11,0
SITE-101-053,SITE-101,2026-02-10,B,2026-02-28,0
SITE-105-054,SITE-105,2025-12-13,A,2025-12-30,1
SITE-102-055,SITE-102,2026-01-12,B,2026-01-29,1
SITE-104-056,SITE-104,2025-11-16,A,2025-11-26,0
SITE-101-057,SITE-101,2025-10-05,B,2025-10-16,1
SITE-101-058,SITE-101,2026-01-31,A,2026-02-11,1
SITE-105-059,SITE-105,2025-12-01,B,2025-12-12,1
SITE-104-060,SITE-104,2025-10-03,B,2025-10-18,0
SITE-102-061,SITE-102,2025-11-03,A,2025-11-14,1
SITE-105-062,SITE-105,2025-10-27,A,2025-11-12,1
SITE-101-063,SITE-101,2026-02-19,A,2026-03-01,1
SITE-102-064,SITE-102,2025-10-18,B,2025-11-04,0
SITE-102-065,SITE-102,2025-09-21,A,2025-10-04,1
SITE-104-066,SITE-104,2025-11-28,A,2025-12-11,0
SITE-103-067,SITE-103,2026-01-09,A,2026-01-22,1
SITE-104-068,SITE-104,2025-12-17,B,2026-01-02,1
SITE-105-069,SITE-105,2025-11-13,A,2025-11-24,0
SITE-102-070,SITE-102,2026-01-31,A,2026-02-18,1
SITE-105-071,SITE-105,2025-11-17,B,2025-11-27,1
SITE-105-072,SITE-105,2025-12-05,A,2025-12-22,1
SITE-104-073,SITE-104,2025-11-16,A,2025-12-04,1
SITE-104-074,SITE-104,2025-09-16,A,2025-10-01,1
SITE-101-075,SITE-101,2025-10-07,A,2025-10-20,1
SITE-104-076,SITE-104,2026-03-23,B,2026-04-04,0
SITE-105-077,SITE-105,2026-03-16,B,2026-03-29,1
SITE-101-078,SITE-101,2025-10-10,A,2025-10-26,1
SITE-104-079,SITE-104,2025-09-07,A,2025-09-19,1
SITE-105-080,SITE-105,2026-02-28,A,2026-03-13,1
SITE-105-081,SITE-105,2025-12-07,A,2025-12-25,1
SITE-101-082,SITE-101,2026-03-04,A,2026-03-21,1
SITE-101-083,SITE-101,2026-03-24,B,2026-04-09,1
SITE-103-084,SITE-103,2025-12-21,B,2026-01-06,0
SITE-103-085,SITE-103,2026-03-02,B,2026-03-20,1
SITE-101-086,SITE-101,2025-10-16,B,2025-10-30,1
SITE-101-087,SITE-101,2025-10-28,A,2025-11-08,1
SITE-102-088,SITE-102,2025-09-04,B,2025-09-16,1
SITE-105-089,SITE-105,2026-03-17,B,2026-03-30,1
SITE-104-090,SITE-104,2026-02-01,B,2026-02-14,1
SITE-104-091,SITE-104,2025-11-16,A,2025-12-02,1
SITE-104-092,SITE-104,2026-01-27,A,2026-02-06,1
SITE-103-093,SITE-103,2026-02-18,B,2026-03-07,1
SITE-105-094,SITE-105,2026-02-18,B,2026-03-01,1
SITE-101-095,SITE-101,2026-01-25,A,2026-02-10,1
SITE-102-096,SITE-102,2026-02-14,B,2026-03-04,1
SITE-102-097,SITE-102,2026-03-28,A,2026-04-09,1
SITE-105-098,SITE-105,2025-09-27,A,2025-10-09,1
SITE-103-099,SITE-103,2025-10-09,B,2025-10-21,1
SITE-103-100,SITE-103,2025-12-22,A,2026-01-07,1
SITE-104-101,SITE-104,2026-01-04,B,2026-01-19,1
SITE-103-102,SITE-103,2026-01-02,A,2026-01-12,1
SITE-102-103,SITE-102,2026-01-20,A,2026-02-05,1
SITE-102-104,SITE-102,2025-11-10,A,2025-11-28,1
SITE-102-105,SITE-102,2026-02-22,B,2026-03-08,1
SITE-102-106,SITE-102,2026-01-28,A,2026-02-13,0
SITE-101-107,SITE-101,2025-12-18,A,2026-01-04,0
SITE-102-108,SITE-102,2026-03-10,A,2026-03-22,0
SITE-105-109,SITE-105,2026-02-15,A,2026-02-26,0
SITE-104-110,SITE-104,2025-10-09,B,2025-10-26,0
SITE-105-111,SITE-105,2026-02-25,A,2026-03-10,1
SITE-104-112,SITE-104,2025-11-30,B,2025-12-11,1
SITE-102-113,SITE-102,2026-03-04,B,2026-03-17,1
SITE-102-114,SITE-102,2025-12-29,B,2026-01-12,1
SITE-105-115,SITE-105,2025-09-02,B,2025-09-17,1
SITE-102-116,SITE-102,2025-10-12,B,2025-10-27,1
SITE-104-117,SITE-104,2025-12-05,A,2025-12-21,1
SITE-104-118,SITE-104,2025-12-21,B,2026-01-06,1
SITE-102-119,SITE-102,2026-03-15,B,2026-03-30,1
SITE-103-120,SITE-103,2026-01-02,B,2026-01-12,1
